id,name,age
1,Person_1,64
2,Person_2,29
3,Person_3,64
4,Person_4,59
5,Person_5,33
6,Person_6,50
7,Person_7,27
8,Person_8,24
9,Person_9,54
10,Person_10,35
11,Person_11,25
12,Person_12,21
13,Person_13,35
14,Person_14,60
15,Person_15,30
16,Person_16,24
17,Person_17,38
18,Person_18,57
19,Person_19,31
20,Person_20,26
21,Person_21,59
22,Person_22,65
23,Person_23,19
24,Person_24,22
25,Person_25,48
26,Person_26,34
27,Person_27,44
28,Person_28,43
29,Person_29,51
30,Person_30,56
31,Person_31,48
32,Person_32,21
33,Person_33,55
34,Person_34,18
35,Person_35,35
36,Person_36,62
37,Person_37,25
38,Person_38,51
39,Person_39,49
40,Person_40,34
41,Person_41,18
42,Person_42,50
43,Person_43,18
44,Person_44,18
45,Person_45,54
46,Person_46,53
47,Person_47,27
48,Person_48,52
49,Person_49,52
50,Person_50,39
51,Person_51,49
52,Person_52,46
53,Person_53,27
54,Person_54,24
55,Person_55,28
56,Person_56,48
57,Person_57,38
58,Person_58,18
59,Person_59,43
60,Person_60,35
61,Person_61,45
62,Person_62,30
63,Person_63,56
64,Person_64,49
65,Person_65,25
66,Person_66,22
67,Person_67,23
68,Person_68,63
69,Person_69,48
70,Person_70,57
71,Person_71,33
72,Person_72,65
73,Person_73,21
74,Person_74,61
75,Person_75,36
76,Person_76,29
77,Person_77,33
78,Person_78,24
79,Person_79,38
80,Person_80,38
81,Person_81,25
82,Person_82,28
83,Person_83,57
84,Person_84,33
85,Person_85,40
86,Person_86,33
87,Person_87,47
88,Person_88,45
89,Person_89,21
90,Person_90,27
91,Person_91,35
92,Person_92,28
93,Person_93,24
94,Person_94,29
95,Person_95,58
96,Person_96,43
97,Person_97,24
98,Person_98,43
99,Person_99,23
100,Person_100,46
