project_id,name,description,location_id,company_id
1,Project_1,Description_1,11,31
2,Project_2,Description_2,20,45
3,Project_3,Description_3,10,14
4,Project_4,Description_4,12,29
5,Project_5,Description_5,17,10
6,Project_6,Description_6,10,20
7,Project_7,Description_7,3,32
8,Project_8,Description_8,7,39
9,Project_9,Description_9,9,32
10,Project_10,Description_10,7,3
11,Project_11,Description_11,11,49
12,Project_12,Description_12,6,13
13,Project_13,Description_13,9,39
14,Project_14,Description_14,17,24
15,Project_15,Description_15,2,42
16,Project_16,Description_16,8,44
17,Project_17,Description_17,4,13
18,Project_18,Description_18,2,20
19,Project_19,Description_19,7,47
20,Project_20,Description_20,8,47
21,Project_21,Description_21,13,33
22,Project_22,Description_22,8,18
23,Project_23,Description_23,1,21
24,Project_24,Description_24,2,35
25,Project_25,Description_25,18,11
26,Project_26,Description_26,1,10
27,Project_27,Description_27,12,34
28,Project_28,Description_28,15,47
29,Project_29,Description_29,14,16
30,Project_30,Description_30,14,21
