Name,Address,Age,Salary
Crystal Dixon,"9558 Erik Roads
Port Charlenehaven, IA 14010",37,73433
Kathy Humphrey,"31571 Dorothy Squares Suite 597
Port Timothy, IA 22179",71,104964
Wesley Reeves,"2354 Brennan Forest Apt. 665
West Elizabeth, AR 50255",51,25919
Deborah Ramirez,"290 Barrett Estates
Lake Kathleenchester, HI 33943",44,38037
Angelica Jones,"3237 Oneal Parks Apt. 619
West Debra, CO 38866",77,84521
Benjamin Castro,"85121 Anderson Fords Suite 070
Wendyville, FL 91408",71,80823
Ronald Zamora,"Unit 5345 Box 9035
DPO AP 94788",32,103386
Roberta Alvarado,"57421 Morgan Well Apt. 159
Edwardstown, MI 02124",65,100372
Tiffany Singh,"7821 William Creek
Lake Jose, KS 62024",57,24542
Rebecca Cox,"296 Marc Ranch Apt. 116
Gabrielville, SD 71563",57,98785
Heather Hill,"099 Taylor Square Suite 210
Lake Emily, NH 02596",60,70946
Shane Bass,"5096 Munoz Route
East Heathermouth, NV 55558",48,42627
Michelle Collins,"5232 Jason Turnpike
Nelsonville, HI 95450",21,27081
Richard Johnson,"896 James Stravenue
Hunterberg, PR 60266",55,110153
Sharon Rodriguez,"524 Jennifer Hill Suite 335
Yodershire, VT 86716",21,24270
Sean Petersen,"3767 Randall Plaza
Lake Jimmy, WV 80855",27,112106
Nicole Ellis,"834 James Course Apt. 259
Wilsonberg, ID 80021",61,61890
Anthony Martinez,"90487 Samuel Groves Suite 337
Port Nicholas, HI 72088",20,106413
Brandon Foster,"394 Brian Row
New Barbaraborough, VA 97569",47,40757
Margaret Moses,"593 Davis Turnpike Suite 343
Port Theresa, NC 91959",79,84354
Mark Villa,"186 Chandler Islands
Kerrhaven, NJ 31355",26,36091
Thomas Mayer,"5710 Charles Garden
East Julia, AK 04241",45,54758
Shannon Ferguson,"1755 Kevin Valley Suite 711
Bellborough, KS 76978",42,28824
Jacqueline Mason,"56586 Gray Valleys Suite 491
South Alicia, NE 50711",36,61814
Brenda Soto,"902 Hill Brook
South Curtis, ID 15488",39,90419
Jacqueline White,"460 Dodson Forks Suite 198
Beckerhaven, CO 45085",54,68040
Jeffrey Barker,"7616 Summers Island
Santiagoland, MN 06517",78,41682
Gary Russell,"003 Barnett Place Apt. 001
West Karen, SD 81635",41,94517
Kimberly Willis,"2790 Smith Manors Suite 470
Mcclainborough, MN 32834",31,111161
Jason Thompson,"6156 Austin Bypass
Connieview, GU 10548",52,98903
Marilyn Ponce,"4763 Debbie Fort
Port Brandyshire, AR 54591",28,54492
Jason Williams,"314 Cooper Expressway
Simmonsfurt, NM 74641",75,20823
Austin Freeman,"29221 April Drives Apt. 261
Merrittchester, VA 56231",44,106077
Richard Jimenez,"888 Austin Crest Apt. 882
Davismouth, NC 86435",42,80352
Dr. Douglas Smith,"541 Mack Ramp
East Anthony, FL 75513",69,48367
Christopher Campos,"854 Cameron Prairie
South Elijahburgh, GA 64207",19,58040
Jimmy Becker,"20439 Hancock Flat Suite 148
Port Anthonyview, PW 47983",77,104606
Mrs. Miranda Bailey MD,"08903 Amanda Roads
Katherineberg, LA 03296",20,70086
Reginald Martinez,"21829 Howard Extension Suite 046
New Annaland, MA 85190",53,89513
Kendra Melton,"49075 Amanda Course
Kathleenstad, MN 06121",28,49449
James Jones,"772 Margaret Summit
Donnamouth, DE 55689",50,105334
Troy Burns MD,"USNS Barton
FPO AE 76828",47,37866
William Green,"382 Emily Ford
Weissstad, VT 89548",29,49045
Melissa Shelton,"669 Peter Viaduct
Andrewberg, WA 50107",51,63615
Jordan Roberts,"711 Christopher Passage
New Daniel, IN 71903",46,104836
Jamie Herrera,"7489 Garcia Summit Apt. 021
East Josephchester, NH 77072",49,32202
Alejandro Williams,"8408 Virginia Isle
Stricklandbury, IA 77924",39,51415
Shannon Caldwell,"USCGC Wilkerson
FPO AP 31183",56,51584
Ronald Taylor,"645 Joseph Mount Apt. 102
Clintonmouth, KS 46029",18,38223
Willie Santana,"5006 Vanessa Unions Apt. 620
East Michaelmouth, WI 60581",63,30132
Randy Jones,"404 Hall Landing
Port Shannonhaven, AS 13406",76,31587
Joseph Garcia,"71158 Kelly Mountains Suite 481
West Michaelside, IL 27562",38,52458
Christopher Garcia,"85290 Cox Falls Suite 861
Tracyborough, CO 22440",73,71685
Troy Martin,"03469 Garcia Turnpike Suite 403
North Leahbury, ID 66456",58,105578
Joshua Wong,"54876 Michael Viaduct
Smithmouth, GA 41295",56,116494
Tanya Beasley,"66306 Wallace Island
Friedmanport, NH 94904",77,89448
Penny Osborne,"682 Peters Drive
Nicoleland, MO 95286",45,116251
Kevin Reed,"379 Mcdonald Burg
Carterbury, WY 27091",73,54460
Lindsay King,"88635 Peter Island Apt. 275
Port Lorraineville, MD 95169",52,28186
Lisa King,"89100 James Crest
Hannahchester, MH 86831",38,35245
Courtney Lopez,"0715 Bryan Ramp
Martinbury, GU 74099",40,58900
Rodney Roman,"947 Jamie Fall
South Emily, DE 34599",21,21439
Rebecca Huff MD,"USCGC Mitchell
FPO AA 42093",73,106021
Sara Carey,"23104 Long Summit Suite 650
Ronaldport, DC 96747",56,64792
John Caldwell,"48476 Fowler Forges
Brendabury, AZ 68751",29,78088
Jose Whitaker,"615 Fox Lodge
Ryantown, KS 22446",55,50223
Melissa Gray,"1219 Toni Circles
East John, IN 02145",43,64402
Amanda Arroyo,"5737 Michelle Vista
West Jonathanhaven, MA 04230",70,59165
Brooke Thornton,"537 Hernandez Knoll Apt. 054
North Leahton, OR 52194",64,108847
Kayla Robertson,"743 Jennifer Street
South Joseph, MH 39753",77,108538
Karla Hicks,"5743 Bradley Groves Suite 185
West Christopherfort, FL 01225",73,53540
Kerry Hartman,"391 Byrd Row
South Brandon, PA 67460",47,77208
Alyssa Roy,"770 Kyle Parks Apt. 794
Port Katrina, WA 53293",70,33478
Gregory Wade,"69549 Adriana Common Apt. 932
Lake Aprilside, DC 93042",51,109825
Darlene Clements,"9133 Justin Underpass
New Jasonfurt, MI 67099",18,64713
Joy Brock,"403 Madison Ranch Apt. 314
North Jeromebury, AL 67846",57,66463
Bethany Cooley,"877 Coleman Parks Suite 068
Jenniferbury, ME 60607",31,41163
Barbara Garcia,"6259 Veronica Divide Suite 481
Colonport, CA 92988",37,31776
Michelle Jones,"542 Mclaughlin Port Apt. 762
East Markmouth, ID 52064",60,98704
Jeffery Johnson,"167 Christian Gardens Apt. 312
Charlesborough, KS 11524",52,29170
Steven Roberson,"539 Morris Divide
East Robert, WY 46321",55,56893
Brandon Walton,"6765 Taylor Via Suite 348
Stephenside, AL 85245",43,57891
Joshua Foster,"79057 Hammond Expressway
Port Amberbury, AL 07725",68,92463
Stephen Robinson,"6648 Nancy Parkway
East Richard, WY 64842",41,111315
Nicholas Anderson,"52240 Larry Wall
Keithberg, FL 31456",19,37218
Elizabeth Perez,"233 Daniel Fork
Woodshaven, NJ 36342",48,22329
James Kelley,"4609 Jill Station
Erinbury, WA 19466",74,25121
James Carter,"50805 John Island
Lake Paul, DC 86904",63,35504
Sara Robinson,"5560 Anderson Overpass
Wadeland, MI 89921",35,116577
David Manning,"8227 Natalie Flat Apt. 607
Andradeville, FL 44814",19,85619
Michael Rich,"744 Johnston Plains
Danielshire, GA 12640",24,99659
Brittney Williams,"728 Robinson Knoll Apt. 153
West Marisaview, FL 10162",26,92766
Lee Johnson,"294 White Oval
Lake Nathanielton, ME 94358",76,48606
Mrs. Amy Keith,"53531 Robert Mills Apt. 196
West Daniel, WA 80073",48,114591
Matthew Cooper,"70502 Eduardo Plains Suite 138
Port Bradley, PW 99604",28,90016
Lisa Gould,"542 Theodore Coves
New Melissa, DE 07911",64,77898
Amanda Lopez,"09064 Anthony Route Suite 336
Boltonstad, GA 50325",59,57231
Jerry Freeman,"89424 Cole Forest
Turnerside, AS 64121",32,92743
Austin Hendrix,"Unit 2007 Box 0890
DPO AE 48265",30,21674
Sherri Fox,"155 Chapman Island Suite 648
Tonyatown, WY 54360",64,35905
Jennifer Lopez,"725 Mcdaniel Villages Apt. 563
Port Katie, AR 62618",57,74563
Emily Lopez,"08521 Jordan Underpass Suite 405
West Ralphberg, MP 43245",69,66728
Stanley Curtis,"98328 Victoria Meadows
Jesusborough, AL 69251",27,64193
Brittany Wood,"45871 Garza Fort Suite 032
Doughertymouth, MS 87958",54,37446
Renee Lewis,"41991 White Key
South Rebecca, UT 86028",22,50410
Jorge Myers,"1573 Brian Parks
Scotttown, ID 89543",23,78481
Robin Morris,"00287 Ramos Loop
Lake Danielport, DC 93238",75,84280
Sherry Zimmerman,"24066 Margaret Ports
Garciashire, SD 69449",69,106260
Colleen Robinson,"555 Jacqueline Spur
East Christinamouth, LA 06888",42,54460
Cindy Keller,"046 Moore Valleys Apt. 493
Michaelburgh, AK 04127",23,71283
Karina Johnson,"6993 Dawn Isle Suite 954
Morriston, OH 11431",20,37835
Johnny Meyer,"465 Wong Ports
New Robertmouth, FM 09830",38,98485
Laura Clarke,"USS Jenkins
FPO AA 95634",40,68304
William Powers,"8927 Joshua Mount Apt. 184
Katherinetown, LA 55228",74,87104
Tina Brown,"32956 Joshua Field
Anthonyfurt, AR 37979",67,44359
Joshua Stephens,"927 Danielle Mill Suite 458
Wardport, IN 86722",46,30039
Anthony Cooper,"52396 Lee Villages Suite 007
Reynoldsside, MD 11195",24,49319
Reginald Copeland,"9878 Clayton Drives
Robinsonland, DE 13160",79,102010
Kevin Howard,"4178 Williams Ville
Pattersonberg, GA 87166",41,44811
Jessica Dougherty,"6253 Jamie Groves Apt. 224
Tracybury, MH 49931",53,108440
James Daniels,"158 Brown Square Apt. 496
Brownview, VT 75228",72,109421
Dana Williams,"014 Rodney Prairie
North Virginiamouth, PR 61593",51,68948
Veronica Duke,"837 Rachel Highway Suite 647
Heatherport, OH 55130",49,54860
James Torres,"85527 Mitchell Ferry Apt. 578
Kelleyville, MT 49468",27,34755
Angela Scott,"886 Sullivan Points
West Ashley, NM 17576",75,42862
Sharon Wade,"78901 Hoffman Field Suite 497
Brownmouth, PA 38333",21,51091
Shane Sosa,"52839 Rebecca Street Suite 936
Christineside, MP 25832",79,100519
Kristine Conner,"3052 Suzanne Lodge
Johnsonbury, PR 79354",80,41266
Ryan Sloan,"Unit 2781 Box 4403
DPO AA 75990",75,74620
Brian Bean,"9049 Kim Light
Mcclureland, SD 76442",75,61898
Gregory Clark,"960 Tina Groves Suite 487
Calhounfort, VA 37499",53,42966
Katie Myers,"Unit 1468 Box 3062
DPO AA 93427",29,29383
Tina Cruz,"496 Brittany Circle
South Melissa, KY 81393",19,23327
Joseph Pierce,"2419 Eric Prairie
Mitchellview, MP 68225",25,117891
Pamela Long,"8947 Reed Ranch
Jeffreyborough, MD 13520",78,45123
Joanna Gonzalez,"1590 Alvarez Spring Suite 712
New Thomasfort, OK 54293",27,77968
Jason Dickson,"0528 Donna Forest Suite 581
North Mary, IN 67794",70,68009
Stephanie Simmons,"953 Carpenter Causeway Suite 828
Lopezstad, FL 60966",63,54491
Dennis Lee,"USNS Martin
FPO AE 19366",49,23334
Logan Welch,"PSC 9758, Box 6231
APO AE 06692",23,69393
David Flowers,"7572 King Locks
Martintown, NH 73477",50,94460
Troy Davidson,"Unit 4249 Box 7596
DPO AP 31072",47,51408
Juan Allen,"2886 Jose Underpass Suite 664
Matthewland, MN 63082",50,100430
Nicole Miller,"762 Mccormick Brook Apt. 169
Lake Miranda, OK 94495",47,100979
Scott Hardin,"1436 Garrett Greens Apt. 760
Pollardville, MT 43875",70,110490
Cindy Short,"USNV Estrada
FPO AE 90065",45,42938
Paul Garner,"858 Stanley Underpass Suite 073
New Morgan, VA 94457",46,47287
Vincent Wright,"497 Santiago Flat
Port Ashley, ND 68847",61,25763
Michael Bishop,"898 Lamb Mills Apt. 559
Boothville, MH 49918",76,99892
Carol Bowman,"Unit 8702 Box 9226
DPO AA 60546",55,23226
Ashley Suarez,"77721 Ricky Road
East Robin, PA 43744",79,102496
Danielle Mahoney,"77618 Julie Cape
Pagefort, GA 00953",48,21024
Whitney Martin,"40844 Todd Freeway
Port Juliachester, WV 42737",61,59717
April Martinez,"721 Heather Lakes
Washingtonland, MD 01065",76,91520
Russell Brown,"698 Hensley Park
Port Josephmouth, UT 95095",24,108812
Randy Trujillo,"2507 Jacob Creek Suite 228
Port Robertburgh, PA 34437",35,85314
Ryan Reed,"9788 Brandon Expressway
Caitlintown, MD 91332",21,55088
Sara Mason,"37432 Sherri Camp
Farrellbury, DE 79151",36,58540
Miranda Mitchell,"3920 Harper Extensions
North Davidburgh, NC 97110",19,83442
Raymond Garner,"26693 Bailey Inlet
Madisonton, GA 42421",46,93937
Robert Warren,"9260 Robert Tunnel Apt. 563
South Holly, LA 86019",73,47989
Margaret Olsen,"17359 Jeff Locks
Gonzalesview, FM 15522",60,24632
David Stanton,"314 Briggs Glens
South Franciscofort, PW 26332",54,108496
Timothy Kelly,"USNV Meyers
FPO AA 78682",78,96803
Benjamin Wright,"58157 Elizabeth Bridge Suite 327
Karenborough, MA 03561",39,117936
Arthur Williams,"7808 Ashley Roads
Jacksonton, ND 65446",35,92314
Brandi Rodriguez,"49851 Scott Meadows
East Paulburgh, AZ 21213",36,24451
Karen Munoz,"USS Baker
FPO AP 57111",50,34883
Jeffrey Smith,"10027 Daniel Throughway Suite 216
Acostaland, CA 16076",24,48703
Katherine Stuart,"2020 Roy Groves Suite 470
Port Todd, NC 60933",66,27671
Corey Watson,"1013 Jackson Ridge Apt. 671
Crystalborough, OR 70043",53,85338
Randy Ward,"8400 Stevens River
Pettyfurt, WA 21938",44,91291
Dr. Kevin Mills,"4980 Phillips Canyon
New Kevinchester, GU 28802",55,94636
William Lucas,"080 Jonathan Rapids Apt. 432
New Joseph, WA 07755",36,86154
Denise Harris,"290 Kenneth Gardens Apt. 016
Lorifort, PW 17468",28,80972
Stephanie Campbell,"42374 Bowers Fords Suite 809
South Aprilbury, NC 78992",38,21167
Amanda Stafford,"081 Christy Pine
Ericaborough, SD 62542",64,29257
Monica White,"825 Jamie Fields
West Justin, FL 72274",39,114648
Travis Murphy,"575 Kim Harbor
Ryanfort, OR 31481",43,64322
Sabrina Wu,"PSC 6533, Box 7397
APO AE 77656",58,59374
John Miller,"765 Rodgers Flats
New Matthew, MD 05297",36,108756
John Banks,"4303 Cooper Inlet
Holmesmouth, MP 09304",46,80752
Teresa Allison,"275 Bryan Spring Suite 533
South Daniel, PA 52465",51,27812
Alexandria Lee,"152 Richard Viaduct
South Maurice, KY 45993",25,113700
Jason Lee,"6550 Hoffman Burg
Josephberg, HI 38220",39,98206
Kelly Deleon,"72743 Cruz Wells Suite 739
Lake Michaelbury, LA 16877",50,102595
John Holmes,"334 Charles Plains Suite 895
Port Ginamouth, OR 15945",26,105643
Ricky Thomas,"55129 Jennifer Squares
South Richardside, MH 66092",64,53022
Bob Torres,"PSC 4192, Box 9028
APO AE 72901",72,74098
Andrea Mendez,"95040 Hernandez Turnpike Suite 874
New Jesse, MI 64249",34,111636
Dawn Bryant,"3190 Rick Inlet
West Heatherview, SD 38928",70,115774
Mary Williams,"88406 Freeman Junction
Lake John, ND 59479",62,48489
Hannah Weiss,"17504 Kayla Mountain Suite 241
East Kathy, OH 04822",45,33234
William Fuller,"162 Delacruz Glens Suite 521
Barberchester, KY 89889",24,55924
Sarah Odom,"241 Phillip Pike
East Sean, MH 86509",33,55379
Jennifer Martin,"39694 Ellis Cliff Apt. 782
Lewisshire, FL 98666",33,29364
Tracy Kelley,"3025 Terry Turnpike Apt. 889
East Ernest, DC 89359",80,45165
Melvin Perez,"98123 Jeffery Dale
Walkerview, AR 52557",73,74758
Connor Williams,"631 Hannah Lock Suite 409
Port Ashleyfurt, CA 25410",24,81592
John Sellers,"9334 Gallagher Fork
East Ronaldview, MO 77961",18,70760
